symbol,market_cap
20MICRONS,7572130464.18
21STCENMGM,406035000.0
360ONE,420151626000.0
3BBLACKBIO,14679798768.0
3MINDIA,362284651200.0
3PLAND,558180000.0
5PAISA,14308464836.4
63MOONS,37371997433.85
A2ZINFRA,2650408804.94
AAATECH,1215082764.0
AADHARHFC,191139416452.0
AAKASH,854550000.0
AAREYDRUGS,2912554004.16
AARON,2611606877.04
AARTIDRUGS,39328243000.0
AARTIIND,172549030776.1
AARTIPHARM,86485871648.75
AARVI,2031118203.0
AASTHA,3014911577.0
AAVAS,96096794891.3
ABAN,0.0
ABANSENT,1845555364.8
ABB,1435891149000.0
ABBOTINDIA,576387316750.0
ABCAPITAL,1042005137808.8
ABCOTS,4315631693.8
ABDL,201083627553.9
ABFRL,56534028526.8
ABGSEC,119724905.16
ABLBL,93394316581.48
ABMKNO,3419976156.0
ABREL,126294305376.0
ABSL10BANK,3626819850.18
ABSLAMC,288015071865.5
ABSLBANETF,23542144534.8
ABSLLIQUID,417370000.0
ABSLMSCIN,106919771.39
ABSLNN50ET,520599838.2
ABSLPSE,214192083.18
ACC,226114643378.3
ACCELYA,16274102368.3
ACE,146710497472.0
ACEINTEG,171054000.0
ACGL,9973162836.0
ACI,59982260724.9
ACL,3625130266.2
ACMESOLAR,310317833504.0
ACUTAAS,268488157486.8
ADANIENSOL,1607695943632.8
ADANIENT,3929549178805.2
ADANIGREEN,2105091126090.0
ADANIPORTS,4143209645933.4
ADANIPOWER,3934077719820.0
ADDIND,850122236.76
ADFFOODS,30003747794.5
ADL,431941000.0
ADOR,27701800917.0
ADROITINFO,801400388.4
ADSL,6148289943.59
ADVAIT,20825445996.6
ADVANCE,7790786406.8
ADVANIHOTR,4437972385.0
ADVENTHTL,6814065485.84
ADVENZYMES,31300155955.2
ADVIKCA,608520425.0
AEGISLOG,484415100000.0
AEGISVOPAK,328851873935.2
AEPL,3810740142.0
AEQUS,187437631669.8
AEROENTER,14032360800.0
AEROFLEX,71008690108.8
AERONEU,1827388640.0
AEROPLANE,21390644922.92
AETHER,225544427008.5
AFCONS,91137031561.8
AFFLE,212868749224.0
AFFORDABLE,2027724065.5
AFIL,3487217182.8
AFSL,10294239924.0
AGARIND,5862705398.55
AGARWALEYE,151950649511.9
AGI,52042573276.4
AGIIL,33086808603.6
AGL,12903928920.48
AGRITECH,541549800.0
AGROPHOS,476036220.2
AGSTRA,0.0
AHCL,18379788700.0
AHLADA,479239890.0
AHLEAST,2324695610.24
AHLUCONT,36846507378.0
AIAENG,361056511530.0
AIIL,464186658300.0
AIRAN,2022823600.0
AIROLAM,1392935700.0
AJANTPHARM,452451634099.2
AJAXENGG,67156791600.0
AJMERA,23367515481.0
AJOONI,539122461.74
AKASH,420551597.96
AKCAPIT,11261580000.0
AKG,309503850.24
AKSHAR,330736770.0
AKUMS,128826979178.0
ALANKIT,2123167923.0
ALBERTDAVD,4978072054.5
ALEMBICLTD,27534715416.44
ALGOQUANT,18560770728.84
ALICON,14275018432.0
ALIVUS,169338658226.4
ALKEM,617373877500.0
ALKYLAMINE,90107826220.8
ALLCARGO,15172495890.97
ALLDIGI,11691605623.5
ALLTIME,12708508932.0
ALOKINDS,35203554443.09
ALPA,1252126106.0
ALPHA,8995658480.7
ALPHAETF,3867690021.18
ALPINETEX,1828206600.0
ALPL30IETF,14747789264.0
ALUFLUOR,4948018961.4
AMAGI,120963176838.9
AMAL,8462242139.0
AMARJOTHI,1005750000.0
AMBER,235324175307.5
AMBICAAGAR,419128560.0
AMBIKCO,8705435000.0
AMBUJACEM,929321627564.0
AMJLAND,1542420000.0
AMNPLST,9439781400.0
AMRUTANJAN,14881746792.5
ANANDRATHI,352007488160.0
ANANTRAJ,215530293377.0
ANDHRAPAP,14452432172.6
ANDHRSUGAR,12625121578.5
ANDREWYU,12722504447.56
ANGELONE,250446002644.0
ANIKINDS,1233642452.7
ANNAPURNA,2858420000.0
ANNU,3158056547.4
ANSALBU,647932223.25
ANTELOPUS,39730556538.0
ANTGRAPHIC,110056816.0
ANTHEM,483845179437.0
ANUHPHR,8759577600.0
ANUP,31976229175.8
ANURAS,134456662221.0
AONEGOLD,864917471.04
AONELIQUID,2426576048.0
AONENIFTY,207090071.15
AONESILVER,329892764.52
AONETMMQ50,157397467.95
AONETOTAL,415509123.06
APARINDS,727908706408.0
APCL,2767690264.08
APCOTEXIND,30878858176.0
APEX,10515625000.0
APLAPOLLO,608099672790.5
APLLTD,162253030705.8
APOLLO,149921823116.4
APOLLOHOSP,1174073616733.5
APOLLOPIPE,22369881417.1
APOLLOTYRE,257025352846.2
APOLSINHOT,3023225040.0
APOORVA,659171700.0
APTECHT,5119328628.42
APTUS,116458054777.08
AQYLON,4125658905.6
ARCHIDPLY,2056027500.0
ARCHIES,418534200.0
ARCIL,46976877472.6
ARCL,1935200000.0
ARDEE,16002752231.5
ARENTERP,105371370.0
ARFIN,15048358169.58
ARIHANT,8976037536.8
ARIHANTCAP,9836652672.0
ARIHANTSUP,9638260494.35
ARIS,11768498562.48
ARKADE,22166379233.63
ARMANFIN,18394912274.4
ARMEE,9519415800.0
AROGRANITE,356184000.0
ARROWGREEN,12916029324.9
ARSSBL,32485502640.0
ARTEMISMED,54702723650.85
ARTNIRMAN,1004229440.0
ARVEE,2481263200.0
ARVIND,146874736137.0
ARVINDFASN,51803882915.4
ARVSMART,27630542113.25
ARYAMAN,7715610000.0
ASAHIINDIA,244436938049.2
ASAL,6877216099.5
ASALCBR,12357743640.0
ASHAPURMIN,48159482306.7
ASHIANA,38802594802.0
ASHIMASYN,3062728046.44
ASHOKA,30247926631.75
ASHOKAMET,379439280.0
ASHOKLEY,905689633372.88
ASIANENE,22961471874.35
ASIANHOTNR,15126269649.2
ASIANPAINT,2304568610254.0
ASIANTILES,14728892158.8
ASIANTNE,229963396.0
ASKAUTOLTD,126190978260.0
ASMS,1845735044.4
ASPINWALL,1890852952.8
ASSAMENT,1177748220.0
ASTAR,10879821960.0
ASTEC,16104908155.0
ASTERDM,607686440848.85
ASTRAL,368158183375.2
ASTRAMICRO,155396494593.6
ASTRAZEN,154650000000.0
ATALREAL,1558614825.0
ATAM,645825420.0
ATGL,653177208293.7
ATHERENERG,564469860000.0
ATL,6160354318.56
ATLANTAA,3035875000.0
ATLANTAELE,123657462662.5
ATLASCYCLE,608303968.14
ATLPP,0.0
ATUL,174162701702.5
ATULAUTO,12436736132.0
AUBANK,759107691528.5
AUGMONT,99281881857.75
AURIONPRO,34378281174.4
AUROPHARMA,962031840440.0
AURUM,17758252639.44
AURUS,130614120.0
AUSOMENT,1916561295.36
AUSTENG,596512256.0
AUTOAXLES,25788585337.5
AUTOBEES,4495528397.25
AUTOIETF,2169124776.0
AUTOIND,3750730646.66
AVADHSUGAR,16018739684.0
AVALON,153608578410.0
AVANCE,1625172292.6
AVANTEL,40945429915.96
AVANTIFEED,97797113214.0
AVL,76753200017.5
AVONMORE,3651470548.54
AVROIND,916390662.0
AVTNPL,13902006360.0
AWFIS,17468573702.6
AWHCL,10346694555.0
AWL,230926894536.4
AXISBANK,3817241299804.0
AXISCADES,94900720656.8
AXITA,2950832502.21
AXTEL,7121035840.0
AYE,38471809224.31
AYMSYNTEX,17174880018.45
AZAD,191368620857.6
AZADIND,4605890828.4
BAGFILMS,892765770.9
BAIDFIN,1607738550.66
BAJAJ-AUTO,2988216934412.0
BAJAJCON,64727908971.55
BAJAJELEC,35019531162.4
BAJAJFINSV,2773168189926.0
BAJAJHCARE,11015240679.2
BAJAJHFL,683251438758.0
BAJAJHIND,46713614441.14
BAJAJHLDNG,1200634385880.0
BAJAJINDEF,6752640000.0
BAJAJST,7185360000.0
BAJEL,19078424581.5
BAJFINANCE,5973180559257.6
BALAJEE,2055585470.4
BALAJITELE,11124803076.66
BALAMINES,68641518500.0
BALAXI,1257626850.0
BALKRISHNA,524856176.28
BALKRISIND,409252491230.0
BALMLAWRIE,27558979821.36
BALPHARMA,1743813110.16
BALRAMCHIN,140257400223.6
BALUFORGE,60252869565.0
BANARBEADS,796650781.5
BANARISUG,41383517940.0
BANCOINDIA,86723514990.0
BANDHANBNK,287154791834.04
BANG,437581200.0
BANK10ADD,3715310908.09
BANK10BETF,1946942376.21
BANKA,765235240.0
BANKADD,4209424920.74
BANKBARODA,1192257550368.45
BANKBEES,79285171035.0
BANKBETA,28994648332.4
BANKBETF,3836336616.0
BANKETF,3209839301.76
BANKIETF,24426528399.0
BANKINDIA,592939462867.84
BANKNIFTY1,41165172947.2
BANKPSU,454610325.96
BANSALWIRE,50638022674.4
BANSWRAS,3717946643.24
BASF,149240229592.0
BATAINDIA,79526415375.0
BATLIBOI,3909641704.5
BAYERCROP,181769045589.6
BBETF0432,102259454022.0
BBL,23682297024.0
BBNPNBETF,46370181.62
BBNPPGOLD,3235802974.2
BBOX,142931840184.0
BBTC,94708377060.0
BBTCL,4690305250.8
BCG,18605239669.06
BCLIND,9383242578.6
BCONCEPTS,1755700818.82
BCPL,1151589712.68
BDL,406921031250.0
BEARDSELL,884571910.0
BECTORFOOD,63467235610.3
BEDMUTHA,3547736684.64
BEEKAY,8638685953.4
BEL,2838387119300.7
BELLACASA,3301491375.0
BELRISE,232464635250.84
BEML,165945003600.0
BENARAS,13279500000.0
BENGALASM,69597995597.0
BEPL,30957992424.0
BERGEPAINT,531055980725.4
BESTAGRO,6217384383.0
BETA,22831936515.0
BFINVEST,16349633933.4
BFSI,3687067822.9
BFUTILITIE,19125738117.0
BHAGCHEM,30932559034.0
BHAGERIA,17739176961.0
BHAGYANGR,13772058839.1
BHANDARI,962244091.37
BHARATCOAL,152749600000.0
BHARATFORG,941179656492.0
BHARATRAS,16685894180.8
BHARATSE,13337464000.0
BHARATWIRE,11305171414.6
BHARTIARTL,10964560360663.0
BHARTIHEXA,712250000000.0
BHEL,1446797324002.5
BIGBLOC,5633299092.5
BIKAJI,130834253520.0
BIL,13344699986.1
BILVYAPAR,0.0
BIMETAL,2482233750.0
BIOCON,603475738190.5
BIOFILCHEM,494398044.0
BIRLACABLE,11434500000.0
BIRLACORPN,64688341747.35
BIRLAMONEY,6486126090.78
BIRLANU,10558012689.9
BLACKBUCK,110784148885.5
BLACKROSE,5905290000.0
BLAL,6673947570.0
BLBLIMITED,884435766.34
BLEL,20542085259.2
BLIL,14479278568.7
BLKASHYAP,11353158400.0
BLS,89866570580.08
BLSE,29855440971.0
BLUECLOUDS,18369323840.0
BLUECOAST,434327822.99
BLUEDART,109836606486.0
BLUEJET,101839790923.05
BLUESTARCO,312123248184.0
BLUESTONE,121436153669.25
BLUSPRING,21190429213.14
BMWVENTLTD,4465822500.0
BNAGROCHEM,21275391961.6
BNKETFAXIS,2984868791.49
BOHRAIND,328380077.52
BOMDYEING,21814216138.0
BONLON,658774825.18
BORANA,7412721069.0
BOROLTD,35084618596.02
BORORENEW,64986226732.35
BOROSCI,10132468212.75
BOSCH-HCIL,51029132002.8
BOSCHLTD,1389266310000.0
BPCL,1315434863961.6
BPL,2232804488.09
BPLPHARMA,12355911266.4
BRAHMINFRA,4297044672.0
BRIGADE,187680652545.75
BRIGHOTEL,21635832502.4
BRIGHTBR,1436531431.5
BRITANNIA,1163393869680.0
BRNL,1329768000.0
BROOKS,1643714438.4
BSE,1261177566084.0
BSE500IETF,3485615999.8
BSHSL,9035099808.0
BSL,1217357631.04
BSLGOLDETF,31549826110.96
BSLNIFTY,32133503530.5
BSLSENETFG,2546318190.8
BSOFT,75985539115.2
BTML,1266433505.69
BUILDPRO,29850920306.0
BUTTERFLY,9882921815.25
BVCL,953323200.0
BYKE,1522373216.0
CAMLINFINE,17893799500.95
CAMPUS,63835096136.43
CAMS,166688731638.0
CANBK,1083398586494.4
CANFINHOME,95764781847.2
CANHLIFE,141084500000.0
CANTABIL,19338787608.8
CAPACITE,15473233424.27
CAPILLARY,44605504288.95
CAPITALSFB,13121252391.0
CAPLIPOINT,206478171014.4
CARBORUNIV,238607993460.0
CARERATING,48692436680.4
CARRARO,29989186295.0
CARTRADE,140973443523.0
CARYSIL,29469384076.6
CASHIETF,10613883782.5
CASTROLIND,198338820439.68
CCAVENUE,52744583430.0
CCCL,6232294341.45
CCHHL,2125041555.0
CCL,136131714440.0
CDSL,264176000000.0
CEATLTD,132045280324.8
CEIGALL,66676910547.75
CEINSYS,13962279237.85
CELEBRITY,429891984.36
CELLO,73423984775.15
CEMNTGROWW,88349655.24
CEMPRO,204805157644.8
CENTENKA,12118336659.4
CENTEXT,2048200000.0
CENTRALBK,275705682806.04
CENTRUM,9546720494.34
CENTUM,70826676566.4
CENTURYPLY,151488653231.5
CERA,65622688608.0
CESC,177427602055.5
CEWATER,5372742086.8
CGCL,238084997896.9
CGPOWER,1345749440397.8
CGVAK,735763638.0
CHALET,185093836140.4
CHAMBLFERT,163966952547.25
CHEMBOND,2457405666.24
CHEMCON,7959118713.28
CHEMCRUX,1164271000.8
CHEMFAB,4828126501.8
CHEMICAL,1062039613.05
CHEMPLASTS,29395731998.08
CHENNPETRO,213881443820.0
CHEVIOT,6912106500.0
CHOICEGOLD,502081999.98
CHOICEIN,161791433125.0
CHOLAFIN,1383983159040.0
CHOLAHLDNG,260297117824.4
CIEINDIA,146547686235.1
CIFL,8345141442.0
CINELINE,2979809100.64
CINEVISTA,794346449.25
CIPLA,1087393847790.0
CLEAN,84426791516.35
CLEANMAX,156015279840.0
CLEDUCATE,3095240908.47
CLSEL,14129534923.0
CMLL,34783186409.25
CMPDI,149375940000.0
CMRGREEN,49250245591.87
CMSINFO,35446043251.75
CNL,16251045685.0
COALINDIA,2619159538975.0
COASTCORP,2476148193.1
COCHINSHIP,345951225700.0
COCKERILL,39337087264.5
COFFEEDAY,6367126810.66
COFORGE,774812977219.0
COHANCE,169873214520.0
COLPAL,479592268432.2
COMFINTE,2034806188.8
COMMOIETF,1173808413.9
COMPEAU,2361580275.0
COMPUSOFT,1066607534.24
COMSYN,10879482240.0
CONCOR,340824025912.5
CONCORDBIO,143700817814.4
CONFIPET,29280403119.59
CONS,316901890.2
CONSUMAXIS,125828279.55
CONSUMBEES,1859543023.2
CONSUMER,535247631.1
CONSUMIETF,524124345.0
CONTROLPR,9714084658.2
CORALFINAC,1271535198.75
CORDELIA,74269561663.7
COROMANDEL,518776072621.8
CORONA,128032528219.2
COSMOFIRST,22196769151.2
CPCAP,2575938233.01
CPEDU,3228337025.55
CPL,3807512043.3
CPPLUS,471684532403.0
CPSEETF,186148292167.6
CRAFTSMAN,272450728561.0
CRAMC,44809096071.6
CRAVATEX,929909976.0
CREATIVEYE,122756490.0
CREDITACC,204179123688.0
CREST,10436799958.75
CRESTO,321129776.77
CRISIL,325487079663.6
CRIZAC,29768022900.0
CROMPTON,134365716966.25
CROWN,1335979300.0
CSBBANK,53954092197.0
CSLFINANCE,4803715637.85
CSM,5065912846.24
CUB,223967454923.85
CUMMINSIND,1319472000000.0
CUPID,419063507155.0
CYIENT,115308389800.8
CYIENTDLM,72564336688.8
DABUR,674281065582.6
DALBHARAT,315804795066.1
DALMIASUG,33087987066.4
DAMCAPITAL,10679240880.0
DANGEE,449607000.0
DATAMATICS,47613151658.95
DATAPATTNS,239997676706.1
DAVANGERE,3303278743.38
DBCORP,31262305603.02
DBEIL,3111601448.0
DBL,65985091164.6
DBOL,8371475099.0
DBREALTY,52353100571.72
DCAL,24688633969.65
DCBBANK,65576305925.48
DCI,5494000000.0
DCM,1382153426.0
DCMFINSERV,95224674.09
DCMNVL,3223779477.4
DCMSHRIRAM,142780766217.6
DCMSIL,7155107216.25
DCMSRIND,3442280760.45
DCW,13464971875.54
DCXINDIA,17953264303.86
DDEVPLSTIK,25817427668.0
DECCANCE,7935248750.0
DECNGOLD,39730748303.4
DEEDEV,50929575582.2
DEEPA,18790376795.64
DEEPAKFERT,170547301575.0
DEEPAKNTR,208654074121.8
DEEPINDS,48380800000.0
DEFENCE,1819725953.04
DELHIVERY,306985902979.3
DELTACORP,21558251019.47
DELTAMAGNT,620575552.8
DEN,12374414300.85
DENORA,3909808941.0
DENTA,7095525000.0
DEVIT,1232110788.04
DEVX,3413374616.85
DEVYANI,160639725369.39
DGCONTENT,1479697393.54
DHAMPURSUG,11023421772.78
DHANBANK,10862112379.52
DHANUKA,41384287085.4
DHARMAJ,8934315197.6
DHATRE,433638910.0
DHOOTTRANS,304531147261.6
DHRUV,380848705.52
DHUNINV,5826768155.7
DIAMINESQ,2398241281.5
DIAMONDYD,26526355117.5
DICIND,5831404088.1
DIFFNKG,16420771136.25
DIGIDRIVE,689872355.22
DIGISPICE,3510679745.76
DIGITIDE,10867750615.5
DISAQ,17153802180.0
DISHTV,3792987471.24
DIVGIITTS,36142903128.6
DIVIDEND,145852992.12
DIVISLAB,2466601311070.0
DIVOPPBEES,676878684.64
DIXON,801334676600.0
DJML,2489988770.64
DLF,1668362334264.0
DLINKINDIA,14622672472.5
DMART,2479447856967.8
DMCC,7773777116.1
DNAMEDIA,287207563.92
DODLA,61498168494.6
DOLATALGO,11429440000.0
DOLLAR,15724544270.0
DOLLEX,1518054400.0
DOLPHIN,25498919292.0
DOMS,127870323952.0
DONEAR,4232800000.0
DPABHUSHAN,40834583296.0
DRAGARWQ,24792402510.0
DRCSYSTEMS,1894669489.5
DREAMFOLKS,3284619690.92
DREDGECORP,25765600000.0
DRREDDY,1029160791405.0
DSFCL,2517553833.9
DSKULKARNI,0.0
DSSL,12523097056.0
DUCON,781820950.56
DVL,9910254144.3
DWARKESH,7904960710.2
DYCL,21183693601.7
DYNAMATECH,92438330673.0
DYNPRO,2778738765.46
EASEMYTRIP,23350059928.9
EASTWEST,297249750.0
EBANK10,148665697.32
EBANKNIFTY,30002187.78
EBBETF0430,247918153842.38
EBBETF0431,129820042207.52
EBBETF0433,61803035101.6
EBGNG,78297409299.75
ECAPINSURE,139462490.88
ECLERX,171162901688.2
ECORECO,7631864625.0
ECOSMOBLTY,6283800000.0
EDELWEISS,135099811631.19
EFCIL,25477808558.02
EGOLD,16261560197.6
EICHERMOT,1962830197900.0
EIDPARRY,122059809142.8
EIEL,33283998600.0
EIHAHOTELS,18107219762.1
EIHOTEL,188297155200.2
EIMCOELECO,13089619242.0
EKC,12219416569.8
EKI,2629964382.5
ELANTAS,109711191198.0
ELCIDIN,20533000000.0
ELDEHSG,7385074650.0
ELECON,103627887674.0
ELECTCAST,45974388032.67
ELECTHERM,9866123739.5
ELEVATE,54427098399.15
ELGIEQUIP,192950054391.6
ELGIRUBCO,2673671000.0
ELIN,4289905686.0
ELIQUID,620582470.64
ELITECON,12756030000.0
ELLEN,50299915640.0
ELM250,1621749393.56
ELMDIV,187299283.1
ELPROINTL,29489368620.0
EMAMILTD,165455325000.0
EMAMIREAL,3508645135.27
EMBDL,81365962164.83
EMCURE,368607787121.0
EMETAL,71807747.88
EMIL,79012005764.32
EMKAY,7617152444.2
EMMVEE,218711795924.7
EMPIND,6342597885.8
EMPOWER,1885353667.2
EMSLIMITED,18724988120.4
EMUDHRA,49397183225.5
EMULTIMQ,285479595.87
ENDURANCE,373670855712.0
ENERGY,2812144535.1
ENERGYAXIS,70046592.0
ENERGYDEV,683525000.0
ENEXT50,79624180.5
ENGINERSIN,174008318680.8
ENIFTY,150438710.4
ENIL,4556814969.85
ENKEIWHEL,7127944612.25
ENRIN,1139585616000.0
ENTERO,74376577740.8
EPACK,16882118468.25
EPACKPEB,24473460659.2
EPIGRAL,43680604725.0
EPL,75927993123.0
EQUAL200,187540228.8
EQUAL50,1985611239.81
EQUAL50ADD,13055366418.84
EQUITASBNK,78864668388.81
ERIS,165362500391.1
ESABINDIA,85123400600.0
ESCORTS,303770477660.8
ESDS,176929957705.5
ESENSEX,139103801.0
ESG,917874101.76
ESILVER,17053112921.6
ESSARSHPNG,3909778000.08
ESSENTIA,1755283254.0
ESTER,10556744151.24
ETERNAL,3088112207040.0
ETHOSLTD,67889618679.6
EUREKAFORB,69871256146.0
EUROBOND,3583125000.0
EUROPRATIK,19653060000.0
EUROTEXIND,125123069.5
EVEREADY,23492522432.0
EVIETF,749027787.2
EVINDIA,1647111226.04
EXCELINDUS,11881818078.4
EXCELSOFT,9341381591.88
EXICOM,21155423966.81
EXIDEIND,350710000000.0
EXPLEOSOL,13313608101.15
EXXARO,2715782949.0
FABTECH,6447143161.76
FACT,490448202693.3
FAZE3Q,10875934956.0
FCL,66900576705.0
FCSSOFT,2393374340.0
FDC,55257742509.6
FEDDERSHOL,12389096314.7
FEDERALBNK,785113626094.8
FEDFINA,56631403410.72
FERMENTA,16178213553.9
FIBERWEB,789180771.1
FIEMIND,49417793616.0
FILATEX,47851730490.0
FILATFASH,1500133090.5
FINCABLES,221807932053.5
FINEORG,157117047012.0
FINIETF,1977265537.5
FINKURVE,9518579664.96
FINOPB,10586212918.42
FINPIPE,93989841569.4
FIRSTCRY,93944979684.96
FISCHER,21958994018.5
FIVESTAR,152571875837.3
FLAIR,24169268082.96
FLEXIADD,145513748.48
FLUOROCHEM,483922205000.0
FMCGADD,68800888.83
FMCGIETF,7517420289.6
FMGOETZE,24792458734.5
FMNL,531430581.35
FOODSIN,3744226933.36
FORCEMOT,222263315356.0
FORTIS,581317773960.0
FOSECOIND,48709536287.5
FRACTAL,128513054713.2
FREDUN,23227719315.0
FRONTSP,17253041286.6
FSL,178290253290.8
FUSION,28347524947.2
GABRIEL,237807244861.4
GAEL,73483626438.6
GAIL,1121383244113.65
GAJA,19748482711.5
GALAPREC,15343554640.0
GALAXYSURF,82708845465.6
GALLANTT,129688507937.5
GANDHAR,27293706940.5
GANDHITUBE,11563235600.0
GANECOS,26812061590.4
GANESHCP,6118924153.86
GANESHHOU,59955317710.0
GANGAFORGE,518988585.5
GANGESSECU,1124414418.8
GARFIBRES,75272226743.25
GARUDA,16251601075.14
GATEWAY,26001465225.44
GAUDIUMIVF,8090262156.6
GAYAHWS,421787344.0
GAYAPROJ,10530301320.0
GCSL,16328093994.1
GEEKAYWIRE,3259978800.0
GEMAROMA,8410179218.0
GENCON,2253235099.26
GENESYS,18282788398.29
GENSOL,0.0
GENUSPAPER,2735820001.6
GENUSPOWER,87819630819.75
GEOJITFSL,21377963094.21
GESHIP,222716771160.0
GFLLIMITED,6035159000.0
GHCL,37358980602.5
GHCLTEXTIL,12321007815.4
GICHSGFIN,7209042205.42
GICRE,580969560000.0
GILLANDERS,2450101320.8
GILLETTE,228096519000.0
GILT10BETA,237074221.96
GILT5BETA,259562683.86
GILT5YBEES,2595756950.1
GIPCL,27889200817.92
GKB,324260511.4
GKENERGY,24313733848.08
GKSL,14116883912.5
GKWLIMITED,9248075000.0
GLAND,478432470087.6
GLASSWALL,24797741346.0
GLAXO,469136129956.2
GLENMARK,658909941718.4
GLFL,146207884.13
GLOBAL,6759719200.0
GLOBALE,109495035.25
GLOBALVECT,1786120000.0
GLOBE,963896206.32
GLOBECIVIL,2480130028.47
GLOBUSSPR,24742733879.85
GLOSTERLTD,5976114286.0
GLOTTIS,5810300640.0
GMBREW,22091832194.85
GMDCLTD,161448600000.0
GMMPFAUDLR,65938760440.8
GMRAIRPORT,1004686561832.8
GNA,25687644180.0
GNFC,88810948805.2
GNRL,12616842620.32
GOACARBON,3705718507.4
GOCLCORP,17967549000.5
GOCOLORS,15818242188.0
GODAVARIB,11873338423.77
GODFRYPHLP,295086293568.0
GODIGIT,240583848549.1
GODREJAGRO,119978122234.5
GODREJCP,869809210050.0
GODREJIND,350122986567.0
GODREJPROP,490547350364.5
GOKEX,50400352538.4
GOKUL,3902382900.0
GOKULAGRO,62847568773.68
GOLD1,143861342208.0
GOLD360,1318041934.0
GOLDADD,28067665155.6
GOLDAXIS,55813670576.0
GOLDBEES,569078398636.65
GOLDBETA,43977393049.75
GOLDBND,104637076.62
GOLDCASE,25110917108.4
GOLDETF,33630049171.64
GOLDIAM,47192130831.25
GOLDIETF,277786306637.0
GOODLUCK,50660473492.35
GOODYEAR,16219214397.05
GOPAL,31285138228.05
GOYALALUM,836414090.8
GPIL,149687951478.1
GPPL,80613604992.5
GPTHEALTH,12368944019.02
GPTINFRA,14953986764.0
GRANDOAK,17740628574.5
GRANULES,209772483472.55
GRAPHITE,149423254291.2
GRASIM,2083738447929.9
GRAUWEIL,37528869855.0
GRAVITA,106830351977.4
GREAVESCOT,53644056221.52
GREENLAM,54308188370.7
GREENPANEL,19659623966.4
GREENPLY,37464368397.75
GREENPOWER,10357869637.27
GRINDWELL,220786752000.0
GRINFRA,77466479517.4
GRMOVER,16353013200.0
GROBTEA,1056674203.0
GROWW,1153777156407.21
GROWWCAPM,507090113.84
GROWWCHEM,109382038.61
GROWWDEFNC,3581432047.49
GROWWEV,2773031648.66
GROWWGOLD,4496218631.2
GROWWHOSPI,1572906030.72
GROWWLIQID,879071717.3
GROWWLOVOL,38205399.82
GROWWMC150,62586609.88
GROWWMETAL,410121689.76
GROWWMOM50,293754845.1
GROWWN200,156690413.16
GROWWNET,421524663.56
GROWWNIFTY,419101204.68
GROWWNXT50,88588474.7
GROWWPOWER,2809300448.72
GROWWPSE,173813645.76
GROWWPSUBK,61419692.07
GROWWRAIL,1699771993.2
GROWWRLTY,154628090.4
GROWWSC250,170154395.28
GROWWSLVR,3032121449.7
GRPLTD,10125864135.2
GRSE,249941008800.0
GRWRHITECH,162986860107.0
GSEC10ABSL,321945699.6
GSEC10YEAR,787510243.1
GSEC5IETF,206629782.32
GSFC,60086426748.7
GSLSU,1313836358.0
GSPCROP,21731234062.5
GSS,271246461.91
GTECJAINX,332368376.76
GTL,1082201853.28
GTLINFRA,13833840846.6
GTPL,6169722264.68
GUFICBIO,43322042592.0
GUJALKALI,45451588011.7
GUJAPOLLO,4280100000.0
GUJENERGY,222904885105.42
GUJRAFFIA,219909105.0
GUJTHEM,50446800858.0
GULFOILLUB,55769788960.4
GULPOLY,10344785393.96
GVPIL,45607116326.4
GYFTR,12224801070.0
HAL,3121841700000.0
HALDER,3056671676.25
HALDYNGL,8302487582.0
HALEOSLABS,4539163101.8
HAMPTON,2215598216.0
HAPPSTMNDS,47296556296.6
HAPPYFORGE,195146049011.2
HARDWYN,6297756499.74
HARIOMPIPE,10558297184.55
HARRMALAYA,3305916697.65
HARSHA,42818042581.5
HATHWAY,16727487525.0
HATSUN,244800346532.0
HAVELLS,637602638432.0
HAVISHA,205737972.0
HAWKINCOOK,42342178612.5
HAZOOR,5364249891.0
HBESD,1644621003.61
HBLENGINE,220231384597.0
HBPOR,638318839.0
HBSL,398924096.85
HCC,53463343145.42
HCG,99442732308.15
HCL-INSYS,3325020272.8
HCLTECH,3337808068080.0
HDBFS,516172570039.5
HDFCAMC,978587698818.6
HDFCBANK,10927159940527.6
HDFCBSE500,1601357028.38
HDFCGOLD,223961931547.0
HDFCGROWTH,173278568.8
HDFCLIFE,1132353376897.2
HDFCLIQUID,979959606.4
HDFCLOWVOL,326234400.99
HDFCMID150,1976662892.24
HDFCMOMENT,1270586938.72
HDFCNEXT50,2037144474.44
HDFCNIF100,719646520.08
HDFCNIFBAN,47688274743.14
HDFCNIFIT,1200992602.36
HDFCNIFTY,46319962478.4
HDFCNIMEG,1228534528.0
HDFCPSUBK,513272209.98
HDFCPVTBAN,8533500582.78
HDFCQUAL,192025602.24
HDFCSENSEX,9025726611.84
HDFCSILVER,77821202954.53
HDFCSML250,26025179985.0
HDFCVALUE,322700412.37
HEADSUP,149057610.75
HEALTHADD,170952891.2
HEALTHAXIS,247487870.73
HEALTHCARE,149451631.65
HEALTHIETF,2326206132.0
HEALTHX,9067583025.0
HEALTHY,816639825.54
HECPROJECT,1224712080.0
HEGAM,78376711436.8
HEIDELBERG,30048899181.6
HEMIPROP,32509950000.0
HERANBA,7063577329.51
HERITGFOOD,37303992000.0
HEROMOTOCO,1048940065887.0
HEROMOTORS,69290586118.8
HESTERBIO,18509236867.0
HEXATRADEX,8665131822.4
HEXT,301903001647.2
HGINFRA,28202798285.25
HGM,536042008.32
HGS,17214831464.25
HIKAL,26866000417.5
HILINFRA,3066057018.0
HILTON,840963443.34
HIMATSEIDE,8349287989.6
HINDADH,1971822020.0
HINDALCO,2116437939361.4
HINDALUMI,583965538.0
HINDCOMPOS,5631419700.0
HINDCON,1794231406.25
HINDCOPPER,457063903053.0
HINDOILEXP,22695087165.0
HINDPETRO,745482619181.3
HINDUNILVR,4415116940424.2
HINDWAREAP,14217371299.29
HINDZINC,2391530554000.0
HIRECT,40678111656.0
HISARMETAL,804438000.0
HITECH,14747652565.74
HLEGLAS,30518412316.6
HLVLTD,4225855952.59
HMAAGRO,11978412898.4
HNDFDS,69722348899.5
HNGSNGBEES,10790198499.6
HOMEFIRST,115521359281.6
HONASA,140630545571.6
HONAUT,295837359580.0
HONDAPOWER,19013186589.5
HORIZONIND,144952354493.52
HPAL,3108122285.05
HPL,17300045758.3
HRYNSHP,592000032.0
HSBCGOLD,6709194794.4
HSCL,342000375815.0
HTEL,6856894020.26
HTMEDIA,4204724683.72
HUBTOWN,25902107757.96
HUDCO,333476502000.0
HUHTAMAKI,17925131034.9
HYBRIDETF,150315075.4
HYBRIDFIN,528086773.5
HYUNDAI,1650270974100.0
IBULLSLTD,69056569382.22
ICEMAKE,11424637751.4
ICICIAMC,1550340699684.0
ICICIB22,95052957564.6
ICICIBANK,9488148847253.2
ICICIGI,794387525640.0
ICICIPRULI,644056219720.2
ICIL,91184218136.0
ICRA,40844009592.0
IDBI,883847458785.0
IDEA,1403042303262.95
IDEAFORGE,36334432460.7
IDFCFIRSTB,702242877854.24
IDFNIFTYET,36438419.55
IEX,95411122645.0
IFBAGRO,8352184523.15
IFBIND,48663073996.0
IFCI,185287996542.87
IFGLEXPOR,13799452564.8
IGARASHI,12697034363.2
IGCL,3591123029.6
IGIL,136519247966.4
IGL,203854232976.0
IGPL,17853314287.5
IIFL,256407242917.5
IIFLCAPS,109111796498.0
IITL,2788429253.28
IKIO,15212705991.85
IKS,299824095352.5
IMAGICAA,28904202712.76
IMFA,64253944835.4
IMPAL,12948000000.0
INA,19289539062.5
INCREDIBLE,1524965887.5
INDBANK,1125431152.0
INDGN,142351111107.0
INDHOTEL,1037183892203.55
INDIACEM,93542470121.85
INDIAGLYCO,20604027561.0
INDIAMART,97973188092.0
INDIANB,1085518272287.9
INDIANCARD,1105820665.6
INDIANHUME,18586128456.0
INDIASHLTR,69405590954.0
INDIGO,1927146319448.0
INDIGOPNTS,52076306967.0
INDIQUBE,41632095364.92
INDNIPPON,28150100025.6
INDOAMIN,10312514649.2
INDOBORAX,15449730500.0
INDOCO,24153084320.35
INDOFARM,6460537620.0
INDOKEM,16745502714.75
INDOMIM,614367802902.15
INDORAMA,26205315834.36
INDOSTAR,34530277071.42
INDOTECH,33858684000.0
INDOTHAI,4452736128.8
INDOUS,1568467440.0
INDOWIND,1399108857.3
INDPRUD,10618960160.0
INDRAMEDCO,31989293350.0
INDSWFTLAB,33806305672.5
INDTERRAIN,1490633937.14
INDUSINDBK,702317293572.8
INDUSTOWER,984562340912.4
INFOBEAN,14008670900.0
INFOMEDIA,270044645.36
INFRA,104572536.0
INFRABEES,1769609733.79
INFRAIETF,2464224518.88
INFY,4034332746189.8
INGERRAND,130817792000.0
INNOVACAP,66369472654.2
INNOVANA,6044083000.0
INNOVISION,6000950088.0
INOXGREEN,64668323688.15
INOXINDIA,186618347097.5
INOXWIND,120129811007.22
INSECTICID,17001866159.1
INSPIRISYS,3453006650.68
INSUREIETF,692382731.1
INTELLECT,86195296067.55
INTENTECH,1995489882.54
INTERARCH,28141621348.8
INTERNET,355225982.09
INTLCONV,5103117810.0
INVENTURE,903000000.0
IOB,596184020053.2
IOC,1905378695018.19
IOLCP,60783676770.8
IONEXCHANG,60301968478.5
IPCALAB,488888028086.0
IPL,15284500781.76
IPRINGLTD,1838380700.95
IRB,211244220000.0
IRCON,110124987996.6
IRCTC,364320000000.0
IREDA,313734948010.24
IRFC,1036071155680.0
IRIS,4594535014.86
IRISDOREME,11714901978.5
IRMENERGY,10858231582.65
ISGEC,64933910281.0
ISHANCH,1305696264.54
ISTLTD,7498857604.8
IT,2946208554.03
ITADD,1655387483.55
ITAXIS,518269774.68
ITBEES,34242775528.1
ITBETA,60674121.2
ITC,3292393363295.5
ITCHOTELS,341893363911.12
ITDC,58979327910.0
ITETF,911941753.03
ITI,237246724668.8
ITIETF,5132803944.0
ITL,1125350160.0
IVALUE,12196925301.6
IVC,2449455372.0
IVZBANKNF,62129972.25
IVZINGOLD,7747573170.0
IVZINNIFTY,869586052.5
IVZSENSEX,44774653.3
IWP,2400256454.4
IXIGO,71848360083.5
IZMO,13104784810.8
JAGRAN,13559861145.6
JAGSNPHARM,15680717030.8
JAIBALAJI,56778871323.2
JAICORPLTD,16092052991.55
JAINREC,100885837722.9
JAIPURKURT,509531156.66
JAMNAAUTO,54537973157.25
JARO,9355789578.7
JASH,37388564438.0
JAYAGROGN,6695400000.0
JAYBARMARU,13898217500.0
JAYKAY,26699728435.38
JAYKAYPP,0.0
JAYNECOIND,90098927060.76
JAYSREETEA,2475955821.12
JBMA,131609057916.0
JENBURPH,4036404180.0
JETFREIGHT,962414480.16
JGCHEM,25278929241.3
JHS,1088201799.15
JINDALPHOT,10673788203.0
JINDALPOLY,29448552063.15
JINDALSAW,177591436581.8
JINDALSTEL,1157697981285.3
JINDRILL,17406051062.4
JINDWORLD,46661097080.0
JIOFIN,1432089355196.24
JISLDVREQS,369292978.56
JISLJALEQS,19959057048.63
JITFINFRA,7166193232.8
JKCEMENT,392213642076.0
JKIL,35055828929.8
JKIPL,3750312200.0
JKLAKSHMI,61116300919.8
JKPAPER,71385200142.7
JKTYRE,100036460317.0
JLHL,83137715896.0
JMA,2046558438.4
JMFINANCIL,123472776842.72
JNKINDIA,24519005553.0
JNPR,155507274198.6
JOCIL,1304285689.0
JPOLYINVST,9811834528.6
JPPOWER,103692832052.51
JSFB,51744717332.7
JSL,616171200071.2
JSLL,62249805584.0
JSWCEMENT,154578316443.68
JSWDULUX,140218626806.0
JSWENERGY,907023909499.2
JSWHL,125936345250.0
JSWINFRA,830878558792.2
JSWSTEEL,3065132000984.4
JTEKTINDIA,32338929436.2
JTLIND,34701246296.4
JUBLCPL,31232318571.6
JUBLFOOD,301351302840.0
JUBLINGREA,104042439994.8
JUBLPHARMA,163868435803.2
JUNIORBEES,86485704818.9
JUNIPER,47486458793.28
JUSTDIAL,56655412666.8
JWL,99628585083.68
JYOTHYLAB,68558949203.7
JYOTICNC,236485906375.6
JYOTIRES,10025400000.0
JYOTISTRUC,10623573439.3
KABRAEXTRU,28172368039.8
KAJARIACER,194087381055.0
KAKATCEM,817654384.44
KALAMANDIR,11697233362.24
KALPATARU,57391832046.6
KALYANKJIL,571266200161.8
KAMAHOLD,73384726910.0
KAMANWALA,238174404.0
KAMATHOTEL,6992673078.4
KAMDHENU,10734104640.0
KAMOPAINTS,1362060000.0
KANANIIND,269100480.0
KANCHI,1685646902.55
KANCOTEA,276120375.3
KANOHAR,67843320886.25
KANPRPLA,6095260542.0
KANSAINER,143954534874.21
KAPSTON,16748351914.05
KARAMTARA,127232643584.65
KARMAENG,433062030.74
KARURVYSYA,313939074187.2
KAYNES,234688323654.0
KCP,19873196814.0
KDDL,47806071432.0
KDGREEN,2768261060.0
KEC,100423950000.0
KECL,8012193525.44
KEEPLEARN,288067353.55
KEI,425900650725.0
KELLTONTEC,6828550009.5
KENNAMET,90792109440.0
KERNEX,28330906692.0
KESORAMIND,3392447199.96
KEYFINSERV,1352414459.15
KFINTECH,145212546360.0
KHAICHEM,4729193392.0
KHAITANLTD,694687500.0
KHANDSE,262365446.0
KICL,20949103494.0
KIMS,313492839657.6
KINGFA,87846827332.5
KIOCL,201955689200.8
KIRANVYPAR,5106240088.65
KIRIINDUS,35275438400.0
KIRLFER,77513172210.0
KIRLOSBROS,140942902757.4
KIRLOSENG,335306847586.8
KIRLOSIND,37526557306.0
KIRLPNU,87921181346.0
KISSHT,65509859467.6
KITEX,23850225000.0
KJMCFIN,287144400.0
KKCL,28369153914.75
KLBRENG-B,27409321949.1
KMCSHIL,27910366900.0
KMEW,77145570155.5
KMSUGAR,3098565725.6
KNACK,22025729520.0
KNAGRI,4953034038.3
KNRCON,33348798868.0
KOHINOOR,1133647387.4
KOKUYOCMLN,7610049761.22
KOLTEPATIL,37675737935.9
KOPRAN,13450677070.32
KOTAKBANK,4148266492926.0
KOTHARIPET,7616489552.0
KOTHARIPRO,3900593155.5
KOTIC,16494924737.1
KOTYARK,3372886333.08
KOVAI,65730167834.0
KPEL,14943379000.59
KPIGREEN,70954352913.6
KPIL,235768577007.6
KPITTECH,136825174572.8
KPL,37783887397.2
KPRMILL,377123386200.0
KRBL,87344382787.2
KREBSBIO,1297947277.2
KRIDHANINF,209768905.4
KRISHANA,58189045740.0
KRISHIVAL,10073268786.6
KRISHNADEF,15438032068.8
KRITI,3214456000.0
KRITIKA,1307434800.0
KRITINUT,3497726731.2
KRN,94031115139.0
KROSS,16969203457.1
KRSNAA,18164034386.4
KRYSTAL,8749236342.4
KSB,148994976242.0
KSCL,37326761871.15
KSE,5689920000.0
KSHINTL,67830231270.0
KSL,42142664124.0
KSOLVES,5901635520.0
KTKBANK,124489324316.0
KUANTUM,6662578150.5
KUSUMGAR,63094565003.4
KWIL,92150969295.64
LAGNAM,1276408560.0
LAHOTIOV,1203324375.0
LAKPRE,0.0
LAKSHMIMIL,5311571237.5
LAL,1454441759.42
LALITHAA,213753176820.9
LALPATHLAB,333515605340.0
LAMBODHARA,1341616128.0
LANCER,4044869571.1
LANDMARK,19724857687.0
LANDSMILL,1354267252.8
LAOPALA,17335980000.0
LARGEMID50,223064626.98
LASERPOWER,37036187036.7
LATENTVIEW,48871642280.0
LATTEYS,1202237700.75
LAURUSLABS,1069818191640.0
LAXMICOT,223091186.7
LAXMIDENTL,10533731576.4
LAXMIINDIA,6344801745.8
LCCINFOTEC,677745267.0
LCCPROJECT,44713651371.52
LCL,58862897500.0
LEAPIND,60697113183.24
LEMERITE,2494598240.0
LEMONTREE,82591693872.0
LENSKART,1191511690388.4
LEXUS,244498914.24
LFIC,393660000.0
LGBBROSLTD,55177068921.6
LGEINDIA,1169864217612.0
LGHL,10020515702.4
LIBAS,312710164.6
LIBERTSHOE,3766010400.0
LICHSGFIN,291643402600.0
LICI,4999278182870.4
LICMFGOLD,14409950360.0
LICNETFGSC,17028286817.52
LICNETFN50,8172620028.81
LICNETFSEN,6798538461.75
LICNFNHGP,7100497676.58
LICNMID100,6302254867.16
LIKHITHA,9242740500.0
LINC,5272524605.32
LINCOLN,11730410203.2
LINDEINDIA,539252142029.0
LIQGRWBEES,2356341592.5
LIQUID,4642176577.77
LIQUID1,25570619671.14
LIQUIDADD,19224411195.77
LIQUIDBEES,104646017000.0
LIQUIDBETA,305679522.94
LIQUIDBETF,6048198286.13
LIQUIDCASE,108237729937.45
LIQUIDETF,4759354405.98
LIQUIDIETF,10892834070.57
LIQUIDPLUS,10356029980.38
LIQUIDSBI,463022630.18
LIQUIDSHRI,310445853.4
LKPSEC,1169915730.06
LLOYDSENGG,152659103956.56
LLOYDSENT,120922115230.56
LLOYDSME,1060516695684.0
LMW,180136746000.0
LODHA,1134302901160.0
LOKESHMACH,7975438143.0
LORDSCHLO,3969705902.94
LOTUSCHO,7067071317.15
LOTUSEYE,2410086683.7
LOVABLE,1051540000.0
LOWVOL,405927636.0
LOWVOL1,2809046755.27
LOWVOLIETF,31104137203.0
LOYALTEX,1009864232.82
LPDC,829004728.8
LT,5173365158640.0
LTF,664183431050.0
LTFOODS,139040078777.6
LTGILTBEES,23694111227.22
LTGILTCASE,1296912995.04
LTM,1199833243445.0
LTTS,342510124864.8
LUMAXIND,52052845642.0
LUMAXTECH,141543105973.5
LUMINO,31204572614.3
LUPIN,928390101154.4
LUXIND,33289350867.0
LXCHEM,49290949950.48
MAANALU,6008683826.88
MACPOWER,20968719360.0
MADHAV,305629520.0
MADHAVIPL,1970641203.6
MADHUCON,309200798.6
MADRASFERT,9467923401.0
MAFANG,59548232880.84
MAFATIND,8482148332.2
MAGADSUGAR,7486178437.5
MAGNUM,1264241138.16
MAHABANK,610478716381.5
MAHAPEXLTD,1437373392.0
MAHEPC,2703955845.22
MAHESHWARI,2173322396.0
MAHKTECH,4240352440.28
MAHLIFE,76878549514.5
MAHLOG,43270055661.7
MAHSCOOTER,143725671168.0
MAHSEAMLES,98844548237.8
MAITHANALL,26935461637.5
MAKEINDIA,2522448401.8
MAKERSL,1072393338.0
MALLCOM,5859048000.0
MALUPAPER,536854597.5
MAMATA,9813590640.0
MANAKALUCO,2249128596.0
MANAKCOAT,13540391669.0
MANAKSIA,3931387659.5
MANALIPETC,13928497564.42
MANAPPURAM,296689307816.7
MANBA,6874760864.4
MANCREDIT,4660490129.78
MANGALAM,486560343.52
MANGLMCEM,27310316373.6
MANINDS,68059934246.85
MANINFRA,51209132824.3
MANIPALHOS,931681672176.6
MANKIND,1034182296342.0
MANOMAY,4343608565.1
MANORAMA,116953164192.0
MANORG,3873267990.0
MANUFGBEES,140699071.38
MANYAVAR,130017658899.5
MAPMYINDIA,47036072742.9
MARALOVER,2503347480.0
MARATHON,26246047021.65
MARICO,1021960383300.0
MARINE,60113121315.5
MARKOLINES,3724007918.4
MARKSANS,146054675335.8
MARSONS,19867224000.0
MARUTI,3762455603058.0
MASFIN,51296869677.9
MASKINVEST,460623925.0
MASPTOP50,16805071826.4
MASTEK,48456764412.8
MASTERTR,10104534240.0
MATRIMONY,10828723253.4
MAWANASUG,5672336448.64
MAXESTATES,96037739328.6
MAXHEALTH,904983871379.8
MAXIND,9058054642.74
MAYURUNIQ,31909416810.0
MAZDOCK,852341940000.0
MBAPL,78294889351.0
MBEL,14233018782.0
MBLINFRA,3561840999.6
MCCHRLS-B,9037346812.2
MCL,1540082472.0
MCLEODRUSS,4673349583.9
MCLOUD,14762022027.2
MCX,841575085238.0
MEDANTA,367009982430.0
MEDIASSIST,22578631744.5
MEDICO,1786645520.0
MEDPLUS,78677761248.9
MEESHO,1053621749621.25
MEGASTAR,2812695985.0
MEIL,7317838341.4
MENONBE,16599048000.0
MERCANTILE,2572999303.05
MERCURYEV,7251271623.86
METAL,5379046943.63
METALIETF,9816784568.25
METROBRAND,229470741067.75
METROGLOBL,1651572812.5
METROPOLIS,112341845585.6
MFML,197855723.25
MFSL,473980626491.4
MGEL,5236638484.0
MGL,104506889124.0
MHRIL,39251840507.25
MID150,142261021.4
MID150BEES,38221113506.4
MID150CASE,2643437355.0
MIDBANKADD,561461670.0
MIDCAP,2001694406.8
MIDCAPADD,140636033.72
MIDCAPBETA,134290126.88
MIDCAPETF,18146636569.6
MIDCAPIETF,7436120253.0
MIDHANI,81989351000.0
MIDQ50ADD,933731168.0
MIDSELIETF,1106077260.8
MIDSMALL,4647151055.48
MIDWESTLTD,32363930320.0
MIIL,14816683687.5
MINDACORP,165646181689.8
MINDTECK,4893788946.15
MIRZAINT,3861361086.0
MITCON,1444857773.1
MITTAL,319680000.0
MKEXIM,2698146990.0
MKPL,1497734280.0
MLKFOOD,2133697564.8
MMFL,28901365760.0
MMP,12062430783.05
MMTC,85365000000.0
MMWL,16787239685.58
MNC,443052498.6
MOALPHA50,31455450.0
MOBANK10,1028854500.0
MOBIKWIK,15459594745.44
MOCAPITAL,2716864500.0
MODEFENCE,12890383000.0
MODINATUR,4470949392.0
MODIRUBBER,3010122351.72
MODIS,7294783320.0
MODTHREAD,1691463782.4
MOENERGY,599760000.0
MOGOLD,19292180900.0
MOGSEC,1517101759.25
MOHEALTH,446377590.35
MOHITE,506512440.0
MOHITIND,320952225.25
MOIL,48380643767.36
MOINFRA,31359120.0
MOIPO,60346000.0
MOKSH,839247676.17
MOL,14320433221.41
MOLBIO,150837630764.4
MOLDTKPAC,21951020588.4
MOLOWVOL,691075289.1
MOM100,8230979009.64
MOM30IETF,5322401539.65
MOM50,722531844.04
MOMENTUM,378747267.02
MOMENTUM30,399305165.0
MOMENTUM50,3982545712.94
MOMETAL,16125000.0
MOMGF,19385000.0
MOMIDMTM,444744000.0
MOMMIDCAP,1024809905.56
MOMNC,22687500.0
MOMOMENTUM,1153673101.5
MOMSBELIEF,4904370664.48
MON100,161867582319.2
MON50EQUAL,1750936000.0
MONARCH,26794321993.3
MONEXT50,156755200.0
MONEYBOXX,3649624976.0
MONIFTY100,163064000.0
MONIFTY500,2953901000.0
MONQ50,2856052003.16
MONTECARLO,10935127156.8
MOOILGAS,13337500.0
MOPSE,23121600.0
MOQUALITY,291350976.58
MOREALTY,2409740000.0
MOREPENLAB,69036686537.01
MOSCHIP,39253413220.0
MOSERVICE,60203250.0
MOSILVER,10369173260.0
MOSMALL250,2495856000.0
MOTHERSON,1723118299039.26
MOTILALOFS,599359349722.0
MOTISONS,20475118800.0
MOTOGENFIN,987543345.0
MOTOUR,166061250.0
MOVALUE,1470525499.8
MPHASIS,411382772639.2
MPIMANIPAL,94842822631.2
MPSLTD,46168597384.0
MRF,531330395040.0
MRPL,296697446958.33
MSCI360,65009128.08
MSCIADD,25961747.04
MSCIINDIA,17750862918.92
MSL,1508673709.2
MSPL,18704289285.0
MSTCLTD,50318400000.0
MSUMI,225940720864.86
MTNL,14471100000.0
MUFIN,26060309343.88
MUFTI,4728647587.93
MUKANDLTD,26027985763.19
MUKESHB,878333400.0
MUKTAARTS,1289389068.0
MULTICAP,872271127.75
MUNJALAU,11286000000.0
MUNJALSHOW,5056967800.0
MURUDCERA,1726145362.6
MUTHOOTCAP,3600364973.7
MUTHOOTFIN,1098859365659.6
MUTHOOTMF,30415804198.4
MVELECTRO,22321363913.2
MVGJL,10119235877.56
MWL,12884152381.2
NACLIND,31121568823.8
NAGREEKCAP,328376259.0
NAGREEKEXP,678108725.0
NAHARCAP,4101136298.3
NAHARINDUS,5622342255.53
NAHARPOLY,5538936732.57
NAHARSPING,9378782045.15
NAM-INDIA,684844920740.0
NARMADA,964343262.58
NATCOPHARM,148213417425.0
NATHBIOGEN,2713961240.0
NATIONALUM,626199607777.65
NATIONSTD,2277400000.0
NAUKRI,790748921700.0
NAVA,158470901131.95
NAVINFLUOR,422905623630.0
NAVKARCORP,12776068083.28
NAVKARURB,964997762.92
NAVNETEDUL,27103038936.12
NAZARA,145537184678.4
NBCC,211950000000.0
NBIFIN,5606827875.0
NCC,80916868261.44
NCLIND,7878647362.2
NDGL,2484000000.0
NDL,3762241084.8
NDLVENTURE,4173597422.95
NDRAUTO,17070712680.8
NDTV,7800700933.38
NECLIFE,2039740185.0
NELCAST,10735948080.0
NELCO,20867426800.0
NEOGEN,73652014033.2
NEPHROPLUS,66343809486.5
NESCO,73764532124.0
NESTLEIND,2526091759200.0
NETF,6736657023.0
NETWEB,270367461948.0
NETWORK18,39891540465.66
NEULANDLAB,273918130150.0
NEWGEN,66673304435.7
NEXT30ADD,445767424.62
NEXT50,14134707552.12
NEXT50ADD,96589081.6
NEXT50BETA,21954453719.0
NEXT50ETF,205081410.96
NEXT50IETF,26126073952.6
NEXTMEDIA,249510546.84
NFL,31985711680.0
NGIL,685913213.72
NGLFINE,17974960828.0
NH,366091944285.6
NHPC,731378984152.05
NIACL,275248960000.0
NIBE,19166392137.2
NIBL,771746202.5
NICCOPAR,3807648000.0
NIF100BEES,3371941627.02
NIF100IETF,1503289578.6
NIF500BETA,70399199.5
NIFTY1,32486486760.0
NIFTY100EW,387994406.8
NIFTYADD,2060620319.32
NIFTYAXIS,10499817460.8
NIFTYBEES,648063735522.5
NIFTYBETA,700145286525.0
NIFTYBETF,1289821334.64
NIFTYCASE,700312032.0
NIFTYETF,52066243600.48
NIFTYIETF,426844540157.91
NIFTYJBLK,768499746.6
NIFTYQLITY,233422066.68
NIITLTD,11804750920.48
NIITMTS,28255398344.01
NILAINFRA,2642996532.0
NILASPACES,4407620148.0
NILE,3660817050.0
NILKAMAL,28378165792.5
NIMBSPROJ,3712867679.65
NINSYS,14235717600.0
NIPPOBATRY,2455500000.0
NIRAJ,1651145444.4
NIRLON,54521414200.0
NITCO,21198685172.6
NITINSPIN,33636426000.0
NITIRAJ,2145124260.0
NITTAGELA,15240277976.0
NIVABUPA,138371920231.43
NKIND,349776180.0
NLCINDIA,362882800575.3
NMDC,672925715277.0
NOCIL,28579635772.3
NOIDATOLL,716850757.7
NORBTEAEXP,1029796625.0
NORTHARC,46495492881.25
NOVAAGRI,2075219405.59
NOVARTIND,47381639443.0
NPBET,202392219.84
NPST,36819904800.0
NRAIL,11393436495.0
NRBBEARING,51761514530.0
NSIL,27344931812.0
NSLNISP,121092633722.0
NTCIND,1953386260.0
NTPC,3129598994748.5
NTPCGREEN,786766401194.53
NUCLEUS,17118030226.5
NUVAMA,304912176072.5
NUVOCO,120647348483.4
NV20,742194268.8
NV20BEES,1327883682.0
NV20IETF,1694311435.5
NYKAA,916574340160.0
OAL,17945769402.0
OBCL,1166721598.6
OBEROIRLTY,642012469870.9
ODIGMA,667367907.5
ODYCORP,623804447.42
OFSS,925894440710.0
OIL,729777585432.15
OILIETF,2778849190.04
OLAELEC,170880834915.96
OLECTRA,93095971905.4
OMAXAUTO,4281081388.16
OMAXE,20075163270.4
OMINFRAL,7425986711.99
OMNI,69753818581.0
OMPOWER,5374752750.0
ONEGLOBAL,10316751283.7
ONEPOINT,19296929990.64
ONESOURCE,174486270945.6
ONGC,2840627044714.8
ONIDA,11835976843.32
ONIXSOLAR,12647542014.3
ONWARDTEC,6415611606.5
OPTIEMUS,68530224112.25
OPTIFIN,1154470350.0
ORBTEXP,6633193398.3
ORCHASP,457281483.12
ORCHPHARMA,59705544400.0
ORICONENT,8062829688.1
ORIENTALTL,355040089.95
ORIENTBELL,5878802209.8
ORIENTCEM,24402469116.21
ORIENTCER,5371800080.0
ORIENTELEC,33735282290.89
ORIENTHOT,25425379264.8
ORIENTPPR,3490456771.9
ORIENTTECH,10605443731.48
ORIRAIL,8537281290.0
ORISSAMINE,21909000000.0
ORKLAINDIA,74385151890.0
ORTINGLOBE,116441533.44
OSWALAGRO,4557270645.2
OSWALGREEN,5218362110.88
OSWALPUMPS,30410806274.75
OSWALSEEDS,1128739800.0
PACEDIGITK,34531895293.46
PACIFICI,927061425.0
PAGEIND,405833705490.0
PAISALO,69850133800.74
PAKKA,3474527809.0
PALREDTEC,536520344.76
PANACEABIO,22417773036.0
PANAMAPET,29294024831.5
PANCHMAHQ,5627153138.55
PANORAMA,15186621581.25
PANSARI,4780423200.0
PARACABLES,18443216698.28
PARADEEP,160222904170.0
PARAGMILK,34121835344.1
PARAS,105649989630.0
PARASPETRO,691837470.0
PARIN,7903786200.0
PARKHOSPS,118759391056.8
PARKHOTELS,22600600136.32
PARNAXLAB,1283287875.68
PASHUPATI,11901136000.0
PASUPTAC,6482651890.33
PATANJALI,394983419985.0
PATELENG,26242154233.65
PATELRMART,7064879682.56
PATINTLOG,841475130.06
PAUSHAKLTD,16403010708.0
PAVNAIND,2157133800.0
PAYTM,1076617928672.0
PBMPOLY,414942486.4
PCBL,130275468184.4
PCJEWELLER,128728180086.0
PDMJEPAPER,9231039000.0
PDSL,49836510545.9
PEARLPOLY,298820043.0
PENIND,24931306504.0
PENINLAND,4992509711.0
PERMAGN,7154342818.65
PERNIASPOP,43865469019.4
PERSISTENT,832762250000.0
PETRONET,426750025036.0
PFC,1074183122880.0
PFIZER,177286185819.6
PFOCUS,246092546080.0
PFS,18677599381.8
PGEL,141500294942.6
PGHH,220684313696.0
PGHL,92342362066.0
PGIL,118441787796.4
PHARMABEES,17348410691.84
PHOENIXLTD,692106655230.0
PHOENXINTL,482028267.6
PICCADIL,58389209498.4
PIDILITIND,1492263200136.8
PIGL,2021107226.0
PIIND,350468852580.0
PILANIINVS,43807357125.0
PILITA,1767200000.0
PINELABS,198374298413.48
PIONEEREMB,634320083.28
PIRAMALFIN,483648682433.4
PITTIENG,42906263526.0
PIXTRANS,23529357880.0
PLASTIBLEN,5205376868.0
PLATIND,11361209980.05
PLAZACABLE,2587935413.7
PML,1436681400.0
PNB,1299392165880.08
PNBGILTS,13318949814.66
PNBHOUSING,292100382560.0
PNC,255342550.0
PNCINFRA,34165885994.7
PNGJL,86871605537.75
PNGSREVA,16218486360.0
POCL,34527325872.05
PODDARMENT,2728361500.0
POEL,4227875125.86
POKARNA,21879522800.0
POLICYBZR,492322656044.5
POLYCAB,1209450685288.0
POLYMED,169658820117.0
POLYPLEX,33119047410.0
POLYSPIN,312200000.0
PONNIERODE,3200331179.6
POONAWALLA,390855044127.9
POWERGRID,2422807294849.5
POWERICA,76007057326.2
POWERINDIA,1365251478690.0
POWERMECH,78740375226.0
PPLPHARMA,274950015807.6
PRABHA,32509506931.02
PRAENG,1481240053.38
PRAJIND,56219232964.8
PRAKASH,22156005121.08
PRAKASHSTL,628251400.1
PRANAV,11273540478.2
PRASOLCHEM,49660816952.1
PRAVEG,6320820051.0
PRAXIS,852878043.9
PRECAM,11092445811.3
PRECOT,7532400000.0
PRECWIRE,90023787288.75
PREMCO,1324729080.0
PREMEXPLN,36778033499.5
PREMIERENE,394983208851.0
PREMIERPOL,9715911981.0
PRESTIGE,638299130800.8
PRICOLLTD,91118607904.8
PRIMESECU,10139935746.25
PRIMO,6456023380.8
PRINCEPIPE,28275995954.25
PRIORITY,5428800000.0
PRISMX,228330341.72
PRITI,436787358.88
PRITIKAUTO,2844036352.36
PRIVISCL,140102301339.6
PROSTARM,7928052558.72
PROTEAN,26885703484.5
PROZONER,8625114947.16
PRSMJOHNSN,54734994509.2
PRUDENT,129569783056.0
PRUDMOULI,431854280.0
PSB,151348832742.6
PSPPROJECT,30405253697.0
PSUBANK,25042713200.1
PSUBANKADD,14423782323.24
PSUBNKBEES,39334528023.7
PSUBNKIETF,1191416580.24
PTC,46047054414.76
PTCIL,332684662310.0
PTL,5013116990.0
PUNJABCHEM,12930474082.5
PURVA,48933466209.24
PVP,13832643534.72
PVRINOX,122033092777.4
PVSL,6799427909.0
PVTBANIETF,39911483972.2
PVTBANK,168825210.75
PVTBANKADD,7500883304.04
PVTBKGROWW,66397255.68
PWL,358710490575.36
PYRAMID,5738796648.0
QGOLDHALF,7725283907.5
QNIFTY,602334478.8
QPOWER,122733409680.0
QUADFUTURE,21898000000.0
QUAL30IETF,1302543307.8
QUALITY30,26444605.6
QUESS,50036813234.1
QUICKHEAL,7841989574.2
QUINTEGRA,34321702.4
RACE,2036694744.0
RACLGEAR,18799629984.0
RADAAN,162484620.0
RADIANTCMS,3778526951.46
RADICO,584996257790.0
RADIOCITY,2070656893.75
RAILTEL,85257287819.55
RAIN,71957794565.26
RAINBOW,133489033637.7
RAJMET,862617600.0
RAJPALAYAM,6907312830.0
RAJRATAN,23435893600.0
RAJRILTD,0.0
RAJSREESUG,956624945.22
RAJTV,564817182.72
RALLIS,38841271399.7
RAMANEWS,4465491908.64
RAMAPHO,4249555898.34
RAMBHAJO,13100743800.0
RAMCOCEM,199797021909.0
RAMCOIND,26712463856.0
RAMCOSYS,20871066026.2
RAMKY,19313103468.1
RAMRAT,54366499532.8
RANASUG,2033237936.8
RANEHOLDIN,21842192208.2
RATEGAIN,100936675667.1
RATNAMANI,191035746000.0
RATNAVEER,27758640262.5
RAYMOND,80757264389.55
RAYMONDLSL,39116015999.45
RAYMONDREL,44601071083.45
RBA,65212133461.4
RBLBANK,625854994711.35
RCF,60669140357.0
RECLTD,787333976000.0
REDINGTON,318182193417.0
REDTAPE,65010173760.0
REFEX,36399872357.0
REGAAL,9071699188.8
REGENCERAM,856178554.68
RELAXO,72490916243.2
RELCHEMQ,876788327.49
RELIABLE,1488969600.0
RELIANCE,16063123463014.0
RELIGARE,78111815881.22
RELINFRA,0.0
RELTD,29718760022.01
REMSONSIND,3973739975.05
RENTOMOJO,53135000428.4
RENUKA,46592641130.97
REPCOHOME,21377217395.4
REPL,1075570375.0
REPRO,4570424686.8
RESPONIND,44091721006.72
RETAIL,260578096.0
RGL,17723803294.42
RHETAN,13953281250.0
RHFL,0.0
RHIM,79472073796.1
RHL,2856242345.28
RICOAUTO,17170372200.0
RIIL,10227985000.0
RIR,14649278840.0
RISHABH,27203971316.0
RITCO,8021527649.25
RITES,100470218954.7
RKDL,436080000.0
RKEC,596197654.0
RKFORGE,127938002939.1
RKSWAMY,4547494641.69
RMC,2217748314.6
RML,37362645510.3
ROHLTD,8223450717.75
ROLEXRINGS,49866902780.8
ROML,693589111.92
ROSSARI,23151970782.2
ROSSELLIND,1917619683.25
ROSSTECH,56665341220.0
ROTO,12169820722.8
ROUTE,28036371490.0
RPEL,83072807550.0
RPGLIFE,50230642456.5
RPOWER,81433330320.54
RPPINFRA,2553178917.82
RPSGVENT,28139990854.5
RPTECH,63317878811.0
RRECL,3550318580.0
RRIL,1861851494.4
RRKABEL,284867524893.0
RSL,14069450900.88
RSSOFTWARE,767961903.03
RSWM,9825411282.4
RSYSTEMS,33167018644.2
RTNINDIA,36021945567.52
RTNPOWER,37000029375.4
RTSPOWR,1007343095.0
RUBFILA,3421567703.45
RUBICON,268062371815.2
RUBYMILLS,16711640000.0
RUCHINFRA,1158882465.22
RUCHIRA,3081494701.25
RUDRA,1883453651.56
RUPA,10379545571.2
RUSHIL,4735747474.8
RUSTOMJEE,45601777762.8
RVHL,2342643497.2
RVNL,420673655376.0
RVTH,2054238421.4
SAATVIKGL,52564274404.2
SADBHAV,1226731220.0
SADBHIN,915785561.6
SAFARI,70046548657.6
SAGARDEEP,394537662.0
SAGCEM,19428369934.72
SAGILITY,199330963825.54
SAHLIBHFI,2435241456.0
SAHYADRI,3795629525.0
SAICAPI,421817450.0
SAIL,749649034700.61
SAILIFE,323794982292.0
SAIPARENT,23384066968.3
SAKAR,24320264125.5
SAKHTISUG,2140471138.36
SAKSOFT,18481620787.5
SAKUMA,2445641078.4
SALASAR,7131637183.2
SALONA,1371907680.0
SALSTEEL,14340589302.0
SALZERELEC,9485020126.8
SAMBANDAM,475076440.0
SAMBHAAV,1096976221.6
SAMBHV,48591318642.1
SAMHI,34172234392.96
SAMMAANCAP,158597125049.34
SAMPANN,1179737700.0
SANATHAN,42889922580.85
SANDESH,7564122405.3
SANDHAR,35265735817.2
SANDUMA,88558575014.52
SANGAMIND,31499567837.1
SANGHVIMOV,39409395200.0
SANOFI,70404611454.0
SANOFICONR,87580849341.6
SANSERA,283220572387.5
SANSTAR,21016166630.58
SAPPHIRE,68158886492.4
SAPPL,2656108274.4
SARDAEN,175239205571.0
SAREGAMA,97667647159.5
SARLAPOLY,7470101880.0
SARVESHWAR,4298376376.81
SASKEN,25410806995.7
SATIA,6970000000.0
SATIN,25651358073.0
SAURASHCEM,6068495378.4
SAYAJIIND,3031072000.0
SBC,27757115100.0
SBCL,61734421140.0
SBFC,94799249027.16
SBGLP,3960831489.6
SBIBPB,1145797126.88
SBICARD,550097688763.15
SBIETFCON,199040174.52
SBIETFIT,696017553.12
SBIETFPB,14303981245.2
SBIETFQLTY,770139235.11
SBIFUNDS,1051104889172.6
SBILIFE,1702176365837.2
SBILIQETF,810040214.38
SBIMIDMOM,1268983000.0
SBIN,8856920731167.0
SBINEQWETF,373766942.92
SBINMID150,131711072.74
SBISILVER,58196513249.28
SBISMLETF,85576314.88
SBIVALETF,57439940.6
SCHAEFFLER,609131032357.0
SCHAND,5223106191.36
SCHNEIDER,287737795719.0
SCI,125998632205.0
SCILAL,17169351508.6
SCODATUBES,7480824343.0
SDBL,16251645559.04
SEAMECLTD,41737680000.0
SECLEDBETA,71722672.56
SECMARK,1462580000.0
SECURKLOUD,554950149.05
SEDEMAC,154353812250.0
SEIL,30532040000.0
SEJALLTD,7683600000.0
SEKURITIND,10106355301.0
SELECTIPO,229871556.25
SEMAC,725865167.8
SENCO,52604012791.05
SENORES,63821062250.4
SENSEXADD,38140613.16
SENSEXAXIS,1212669474.24
SENSEXBETA,545272221589.08
SENSEXETF,423271772.42
SENSEXIETF,316073206450.17
SEPC,9640276270.18
SERVOTECH,15865635697.0
SESHAPAPER,15165995625.8
SETF10GILT,32335635968.16
SETFGOLD,265002280908.0
SETFNIF50,2031563727053.55
SETFNIFBK,35259653288.95
SETFNN50,29112170143.32
SETL,84345074693.6
SFL,69245821407.4
SGBJUN27,0.0
SGFIN,39823643250.0
SGIL,10354746600.0
SGL,231042223.84
SGLRES,596141924.0
SGMART,94650355800.0
SGRL,8819516652.3
SHADOWFAX,164475328370.0
SHAH,3084655075.92
SHAILY,140883444624.0
SHAKTIPUMP,56929651152.75
SHALBY,14975554610.5
SHANKARA,3067054752.48
SHANKESH,13269585655.0
SHANTI,60971940.0
SHANTIGEAR,44487523154.7
SHANTIGOLD,23681800750.6
SHARDACROP,65274528132.5
SHARDAMOTR,54936304256.7
SHAREINDIA,44588045170.5
SHARIABEES,563500070.07
SHBAJRG,1438110000.0
SHEMAROO,3364892618.88
SHERVANI,861945955.0
SHILCTECH,46721776800.0
SHILGRAVQ,898178290.0
SHILPAMED,204813277715.2
SHINDL,6258626379.6
SHIPROCKET,87425722853.92
SHIVAAGRO,394423710.0
SHIVACEM,4059200000.0
SHIVALIK,6354484759.25
SHIVAMAUTO,2240678531.76
SHIVAMILLS,502434717.12
SHIVATEX,2163087918.31
SHIVAUM,7577462860.0
SHK,19520101357.02
SHOPERSTOP,45735349730.0
SHRADDHA,6153476310.0
SHRADHA,2470425824.0
SHREDIGCEM,9750509205.76
SHREECEM,806224314060.0
SHREEJISPG,125512222881.6
SHREEPUSHK,15934397240.25
SHREERAMA,5836555858.65
SHREYANIND,1803471250.0
SHRIKRISH,948920000.0
SHRINGARMS,21658645168.0
SHRIPISTON,215867794006.4
SHRIRAMFIN,2312337354911.8
SHRIRAMPPS,11810990470.32
SHRJAGP,5829324800.0
SHUKRAPHAR,27295660579.6
SHYAMMETL,297275423445.0
SHYAMTEL,123857300.0
SICAGEN,2047438930.16
SIEL,401788500.0
SIEMENS,1326762553428.0
SIGACHI,11004969888.0
SIGMA,4547792865.0
SIGNATURE,102299843805.9
SIGNPOST,14003900000.0
SIKA,21505107556.25
SIL,1009321084.29
SILGO,2758566275.99
SILINV,4571583797.0
SILVER,29231570331.04
SILVER001,1862894746.86
SILVER1,37091375160.0
SILVER360,440050360.68
SILVERADD,13781382731.1
SILVERAG,11731505147.84
SILVERAXIS,20228501237.84
SILVERBEES,309987420626.2
SILVERBETA,14981939304.7
SILVERBND,115985043.66
SILVERCASE,11337485721.0
SILVERIETF,142970113601.28
SILVERTUC,17815536900.0
SIMPLEXINF,19417907443.0
SIMPLXREA,388879660.0
SINCLAIR,4030573800.0
SINDHUTRAD,42172165410.9
SINGERIND,4810159935.27
SINTERCOM,2199748256.02
SIRCA,23290727280.0
SIS,59238202059.3
SIYSIL,24497579015.6
SJS,72819436482.0
SJVN,233115449781.0
SKFINDIA,74646380333.7
SKFINDUS,136839337787.7
SKIPPER,64867988162.55
SKMEGGPROD,11119159000.0
SKYGOLD,125556257758.8
SKYWAYS,16461609793.44
SMALL250,815633328.06
SMALLADD,83023218.0
SMALLCAP,9274229677.3
SMALLGROWW,75674604.6
SMALLIETF,94418383.36
SMARTWORKS,59461002358.6
SMCGLOBAL,19784112000.0
SML100CASE,1001148823.8
SMLMAH,95194487388.0
SMLT,846300345.0
SMSPHARMA,44634557498.0
SNOWMAN,5787928146.8
SNXT30BEES,70939068.07
SNXT50BETA,316965039.1
SOBHA,130629115809.6
SOFTTECH,6831095103.0
SOLARA,34870184739.0
SOLARINDS,1782654083500.0
SOLARWORLD,11205040709.12
SOLEX,7333269657.65
SOMANYCERA,25335660906.5
SOMATEX,2614892280.0
SOMICONVEY,1052041077.36
SONACOMS,518026591920.0
SONAL,1290505249.0
SONATSOFTW,72419708732.0
SOTL,49281226302.0
SOUTHBANK,126355083520.32
SOUTHWEST,5443678707.39
SPAL,24248966541.8
SPANDANA,15741323589.44
SPARC,63988067842.02
SPCENET,1807321950.48
SPENCERS,2407425960.39
SPIC,13020763083.84
SPLIL,847960116.96
SPLPETRO,151975012604.4
SPMLINFRA,13661568320.44
SPORTKING,26748656000.0
SRD,2465279701.2
SRF,732910379812.5
SRGHFL,2142515003.2
SRHHYPOLTD,9679242561.9
SRM,9278634480.0
SRTL,1489468500.0
SSDL,3002060838.0
SSRETAIL,55738497462.5
SSWL,64179889350.5
STANLEY,7786799123.53
STAR,103233439680.0
STARCEMENT,75045580294.12
STARHEALTH,314707617898.35
STARPAPER,2380585542.0
STARTECK,3041975793.5
STCINDIA,6548400000.0
STEAMHOUSE,30664516142.34
STEELCAS,38172640000.0
STEELCITY,1228962178.25
STEELXIND,14566420265.04
STEL,10521426390.5
STERTOOLS,7934351640.06
STLNETWORK,23902673979.55
STLSTRINF,192306750.0
STOVEKRAFT,26318664828.95
STUDDS,15499336590.0
STYL,59860065328.7
STYLAMIND,56076046122.0
STYLEBAAZA,29286151566.75
STYRENIX,35443827187.5
SUBEXLTD,11088317907.55
SUBROS,45622621762.5
SUDARCOLOR,8700683756.1
SUDARSCHEM,95850132192.3
SUDEEPPHRM,136193452025.0
SUKHJITS,4887186480.0
SULA,11256815625.7
SUMEDHA,363131603.52
SUMEETINDS,7586668875.24
SUMICHEM,216254890122.0
SUMIT,2373315561.27
SUMMITSEC,14378358960.9
SUNCLAY,27092528481.8
SUNDARAM,516526772.57
SUNDARMFIN,483857310300.0
SUNDRMBRAK,2659969428.75
SUNDRMFAST,239399251941.0
SUNDROP,28091694855.6
SUNFLAG,82189079260.4
SUNLOC,705526800.0
SUNPHARMA,4358631906502.0
SUNRAKSHAK,11128322575.0
SUNSHIEL,9269757144.0
SUNSHINE,14130645861.6
SUNTECK,40733977735.0
SUNTV,238421195100.0
SUPERHOUSE,1764551250.0
SUPRAJIT,66010701295.2
SUPREME,1175637268.26
SUPREMEIND,438369728370.0
SUPREMEINF,7205453964.0
SUPRIYA,76478780700.0
SURAJEST,9922054953.72
SURAJLTD,3580999500.0
SURAKSHA,18509501393.2
SURANASOL,1223768142.0
SURYALA,1608659000.0
SURYALAXMI,1105751052.0
SURYAROSNI,48178058297.52
SURYODAY,15429030851.84
SUVEN,90476572057.2
SUVIDHAA,438495982.1
SUYOG,8144570112.0
SUZLON,542838533373.62
SVGLOBAL,2480621824.6
SVLL,9261623460.0
SVPGLOB,395945000.0
SWANCORP,87830619457.2
SWARAJENG,43085851263.0
SWARNSAR,834236928.0
SWELECTES,9063422604.0
SWIGGY,690354420105.5
SWSOLAR,39977615311.38
SYMBIOTEC,75613379796.0
SYMPHONY,39997656930.0
SYNCOMF,23575200000.0
SYNGENE,147460339399.1
SYRMA,343797471706.5
TAALTECH,15597291710.0
TAINWALCHM,1921371048.97
TAJGVK,20077018699.0
TAKE,1969001540.0
TALBROAUTO,26533845277.5
TANAA,8633206462.8
TANLA,65275834911.6
TARACHAND,3761524228.0
TARAPUR,237120133.76
TARC,37170334356.6
TARIL,81074791763.4
TARMAT,1488816747.0
TARSONS,17041971804.3
TASTYBITE,24343642000.0
TATACAP,1392104800684.15
TATACHEM,155770726183.1
TATACOMM,472158841936.6
TATACONSUM,939715568662.5
TATAELXSI,192456172485.9
TATAGOLD,61361002374.1
TATAINVEST,313716132848.0
TATAPOWER,1147126897373.0
TATASTEEL,2300714057615.3
TATATECH,287281669725.0
TATSILV,52122212584.2
TATVA,41736104531.0
TBOTEK,182992138652.4
TCC,11865380428.65
TCI,67035171395.0
TCIEXP,20054398672.25
TCIFINANCE,190255446.54
TCPLPACK,37333660000.0
TCS,7419250264410.8
TDPOWERSYS,245606714803.0
TEAMGTY,2113390015.0
TEAMLEASE,17552216040.0
TECH,254004165.66
TECHM,1493762445540.0
TECHNOCRAF,18874334610.0
TECHNOE,117317195272.5
TECHNVISN,24858412500.0
TECILCHEM,171052574.0
TEGA,158271521376.6
TEJASNET,86591054578.6
TEMBO,10928579186.6
TEMPSENS,44158869984.25
TENNIND,205131890049.25
TERAI,803158275.0
TERASOFT,2592460500.0
TEXINFRA,15216009111.9
TEXMOPIPES,1608060600.0
TEXRAIL,53596270069.56
TFCILTD,65701100128.4
TFL,641001336.22
TGBHOTELS,281149440.0
TGVSL,13009268904.0
THACKER,1038010241.7
THAKDEV,1215000000.0
THANGAMAYL,157337190302.0
THEINVEST,4882035178.65
THEJO,23598900179.6
THELEELA,191625030396.4
THEMISMED,10725979975.2
THERMAX,404202000860.0
THOMASCOOK,48162265743.18
THOMASCOTT,3922126093.0
THYROCARE,85018153007.25
TI,134025999635.0
TIGERLOGS,2775281250.0
TIIL,65771519718.2
TIINDIA,459734260000.0
TIMETECHNO,90019347714.44
TIMEX,72638572500.0
TIMKEN,235885949824.0
TINNARUBR,17152802239.7
TIPSFILMS,1375758469.5
TIPSMUSIC,84094011481.5
TIRUMALCHM,18250484455.86
TITAGARH,110183343289.2
TITAN,4072275115920.0
TMB,137971621870.2
TMCV,1552848130270.8
TMPV,1044198582241.5
TNIDETF,1642485872.88
TNPETRO,11163660493.92
TNPL,10423808466.0
TNTELE,586420776.0
TOKYOPLAST,695502480.0
TOLINS,3392228229.66
TOP100CASE,1642735620.0
TOP10ADD,6589215849.1
TOP15IETF,134933948.67
TOP20,139647816.99
TORNTPHARM,1825765708800.0
TORNTPOWER,627813424223.7
TOUCHWOOD,656231328.9
TOYAMSL,416026800.0
TPLPLASTEH,5549133420.0
TRACXN,3519891649.89
TRANSCOR,775372879.68
TRANSRAILL,63959570310.0
TRAVELFOOD,158091696645.9
TREEHOUSE,244555984.72
TREJHARA,3348370125.36
TREL,7098143688.36
TRENT,1397921800301.6
TRF,2176892781.84
TRIDENT,114353245234.8
TRIGYN,1634722581.6
TRITONV,5551340650.4
TRITURBINE,171474428784.6
TRIVENI,51175215112.4
TRU,487333671.1
TRUALT,40187951772.15
TSFINV,92650625199.0
TTKHLTCARE,14455330659.0
TTKPRESTIG,70654109186.4
TTL,2353546001.16
TTML,67054021036.1
TURTLEMINT,22509967574.64
TUTIALKA,6627869152.0
TVSELECT,7761329835.7
TVSHLTD,244950083128.0
TVSMOTOR,1950707690084.0
TVSSCS,57610588562.89
TVSSRICHAK,33978159375.0
TVTODAY,6216872996.85
TWCGOLDETF,320754077.38
UBL,306207603056.9
UCOBANK,291920933031.12
UDAYJEW,5684795299.5
UDS,13964437475.37
UEL,24667923764.88
UFLEX,47504326065.1
UFO,2256494876.84
UGROCAP,12994526868.64
UJJIVANSFB,131696303085.0
ULTRACEMCO,3228504997476.0
ULTRAMAR,11954480000.0
UMESLTD,118606991.39
UMIYA-MRO,1740657522.32
UNICHEMLAB,38406336625.0
UNIDT,4508512159.56
UNIECOM,9428612614.7
UNIENTER,6172194098.75
UNIINFO,116982732.8
UNIMECH,87755042828.0
UNIONBANK,1305346558797.0
UNIONGOLD,2912951224.0
UNIPARTS,37754618572.0
UNITDSPR,984833054962.0
UNITECH,10360552146.12
UNITEDPOLY,10895100785.0
UNITEDTEA,2138030591.4
UNIVCABLES,46161321804.0
UNOMINDA,675743884920.0
UPL,455640389390.5
URBANCO,242862601360.44
URJA,4608226116.29
USHAMART,151959488597.0
USK,1059535697.88
UTIAMC,113423891892.8
UTKARSHBNK,24486245905.6
UTLSOLAR,122285007068.9
UTTAMSUGAR,10999033808.0
V2RETAIL,76114442187.0
VADILALIND,52133330990.0
VADILENT,8756942868.0
VAIBHAVGBL,34278704286.72
VAISHALI,1127249958.25
VAKRANGEE,5567605887.98
VAL30IETF,454335673.04
VALIANTORG,12758551011.0
VALUE,120837605.91
VALUEAXIS,305726382.08
VAML,1614599228735.3
VARDMNPOLY,2801510223.2
VARMORA,31562551221.6
VARROC,131847023880.0
VASCONEQ,7801241727.37
VASWANI,1468410039.21
VBL,1461237686208.0
VEDAVAAG,521843808.0
VEDL,1012790506763.0
VEDPOWER,128417143791.88
VEEDOL,23928379200.0
VENKEYS,22372098301.6
VENTIVE,130409633907.2
VENUSPIPES,44479559781.0
VENUSREM,24008447146.8
VERANDA,21303834157.5
VERTOZ,3033335700.0
VESUVIUS,86095971360.0
VETO,2728086377.6
VGCL,1114673110.8
VGL,3300411825.9
VGUARD,129523441967.15
VHL,10827494246.4
VIDHIING,17860332000.0
VIDYAWIRES,20080280703.87
VIJAYA,148079814855.5
VIJSOLX,2001109501.3
VIKASECO,1821767204.72
VIKASLIFE,2247778957.6
VIKRAMSOLR,57980324503.81
VIKRAN,15399867362.46
VIMTALABS,26833325357.7
VINATIORGA,121112557865.6
VINCOFE,26362054083.64
VINDHYATEL,31557663082.7
VINEETLAB,713704844.56
VINNY,414069493.58
VINYLINDIA,4016377422.33
VIPCLOTHNG,1848556434.69
VIPIND,41330522851.2
VIRAT,4926316588.8
VIRINCHI,1518168300.84
VISACHROME,5360679915.0
VISHAL,4372792652.98
VISHNU,44731006218.0
VISHWARAJ,1145773702.0
VISL,126305534241.1
VITAL,1290964290.0
VIVIANA,7131402880.0
VIVIDHA,149277272.34
VIVOBIOT,378572113.68
VIYASH,104135804586.0
VLEGOV,1083428776.71
VLSFINANCE,7345431221.67
VMART,59975971443.0
VMM,473165672539.0
VMSTMT,2437885035.2
VOEPL,16890915663.65
VOGL,129472948567.27
VOITHPAPR,6368771294.1
VOLTAMP,151846737000.0
VOLTAS,354046671800.0
VPRPL,3691955280.0
VRAJ,4084897363.15
VRLLOG,50233156678.5
VSSL,38782007436.9
VSTIND,34508985139.2
VSTL,2125500235.87
VSTTILLERS,37985590060.0
VTL,154807757280.0
VTMLTD,3910122720.0
WAAREEENER,682999329824.0
WAAREEINDO,8734694925.45
WAAREERTL,85585738979.15
WABAG,128820118275.2
WAKEFIT,47697215396.58
WALCHANNAG,13597203487.68
WANBURY,6975902136.0
WARDINMOBI,1639455080.7
WATERBASE,1934630579.3
WCIL,9498147643.08
WEALTH,9673141750.0
WEBELSOLAR,30634574443.2
WEIZMANIND,1098204229.76
WEL,9733001040.0
WELCORP,716719182465.0
WELENT,102799936687.0
WELSPLSOL,35767765801.1
WELSPUNLIV,214770589007.62
WENDT,16703000000.0
WESTLIFE,91806524922.5
WEWIN,516280410.0
WEWORK,91716832175.85
WHBRADY,1252050000.0
WHEELS,59661303781.0
WHIRLPOOL,112947646657.5
WILLAMAGOR,251886716.4
WINDLAS,22520316707.7
WINDMACHIN,31058516983.4
WIPL,1398713632.0
WIPRO,1569981448522.0
WOCKPHARMA,343882177254.7
WONDERLA,31751616045.9
WORTHPERI,2299961020.0
WPIL,42862830580.0
WSI,4101382984.72
WSTCSTPAPR,48651625632.8
XCHANGING,6822363567.84
XELPMOC,1190017053.04
XPROINDIA,27270232198.2
XTGLOBAL,3915070948.95
XTRANET,14904038785.0
YASHO,48293488313.0
YATHARTH,99485873602.5
YATRA,15674358518.77
YESBANK,657587942254.45
YOGI,7225200000.0
YUKEN,15364862400.0
ZAGGLE,23285513505.1
ZEEL,71529881207.4
ZEELEARN,2130253391.5
ZEEMEDIA,4725640782.8
ZENITHEXPO,1073853750.0
ZENITHSTL,754086374.4
ZENSARTECH,96061818957.3
ZENTEC,144934079451.2
ZFCVINDIA,266418684864.0
ZFSTEERING,6482872850.0
ZIMLAB,7403261589.36
ZODIAC,3277817570.56
ZODIACLOTH,1895434782.93
ZOTA,44838810388.9
ZSARACOM,11112709920.0
ZUARI,9266640461.98
ZUARIIND,8404250124.8
ZYDUSLIFE,1159099452784.0
ZYDUSWELL,163152817216.0
